"";"Name";"Alignment";"Intelligence";"Strength";"Speed";"Durability";"Power";"Combat";"Total";"pseudo_total";"Total_check"
"1";"3-D Man";"good";50;31;43;32;25;52;233;233;0
"2";"A-Bomb";"good";38;100;17;80;17;64;316;316;0
"3";"Abe Sapien";"good";88;14;35;42;35;85;299;299;0
"4";"Abin Sur";"good";50;90;53;64;84;65;406;406;0
"5";"Abomination";"bad";63;80;53;90;55;95;436;436;0
"6";"Abraxas";"bad";88;100;83;99;100;56;526;526;0
"7";"Adam Monroe";"good";63;10;12;100;71;64;320;320;0
"8";"Adam Strange";"good";1;1;1;1;0;1;5;5;0
"9";"Agent  13";"good";1;1;1;1;0;1;5;5;0
"10";"Agent Bob";"good";10;8;13;5;5;20;61;61;0
"11";"Agent Zero";"good";75;28;38;80;72;95;388;388;0
"12";"Air-Walker";"bad";50;85;100;85;100;40;460;460;0
"13";"Alan Scott";"good";63;80;23;90;98;32;386;386;0
"14";"Alex Woolsly";"good";1;1;1;1;0;1;5;5;0
"15";"Alfred Pennyworth";"good";63;10;17;10;7;55;162;162;0
"16";"Allan Quatermain";"good";1;1;1;1;0;1;5;5;0
"17";"Amazo";"bad";75;100;100;100;100;100;575;575;0
"18";"Ammo";"bad";1;1;1;1;0;1;5;5;0
"19";"Ando Masahashi";"good";1;1;1;1;0;1;5;5;0
"20";"Angel";"good";63;13;46;64;17;42;245;245;0
"21";"Angel Salvadore";"good";38;10;28;28;46;60;210;210;0
"22";"Angela";"bad";1;1;1;1;0;1;5;5;0
"23";"Animal Man";"good";56;48;47;85;73;80;389;389;0
"24";"Annihilus";"bad";75;80;47;56;59;64;381;381;0
"25";"Ant-Man";"good";100;10;23;28;32;32;225;225;0
"26";"Ant-Man II";"good";63;10;23;28;32;28;184;184;0
"27";"Anti-Monitor";"bad";88;90;38;90;100;90;496;496;0
"28";"Anti-Spawn";"bad";1;1;1;1;0;1;5;5;0
"29";"Apocalypse";"bad";100;100;33;100;100;60;493;493;0
"30";"Aquababy";"good";10;16;12;14;37;14;103;103;0
"31";"Aqualad";"good";63;44;42;75;76;60;360;360;0
"32";"Aquaman";"good";63;80;50;80;65;80;418;418;0
"33";"Arachne";"good";1;1;1;1;0;1;5;5;0
"34";"Archangel";"good";63;13;58;64;28;42;268;268;0
"35";"Arclight";"bad";38;63;23;42;52;70;288;288;0
"36";"Ariel";"good";50;10;12;14;72;28;186;186;0
"37";"Armor";"good";50;63;12;80;55;54;314;314;0
"38";"Arsenal";"good";1;1;1;1;0;1;5;5;0
"39";"Astro Boy";"good";1;1;1;1;0;1;5;5;0
"40";"Atlas";"good";50;80;23;99;69;42;363;363;0
"41";"Atom";"good";1;1;1;1;0;1;5;5;0
"42";"Atom Girl";"good";38;10;23;28;38;42;179;179;0
"43";"Atom I";"good";1;1;1;1;0;1;5;5;0
"44";"Atom II";"good";1;1;1;1;0;1;5;5;0
"45";"Atom III";"good";1;1;1;1;0;1;5;5;0
"46";"Atom IV";"good";1;1;1;1;0;1;5;5;0
"47";"Aurora";"good";50;15;83;56;69;56;329;329;0
"48";"Azazel";"bad";50;11;47;95;87;80;370;370;0
"49";"Azrael";"good";63;18;17;20;35;80;233;233;0
"50";"Aztar";"good";1;1;1;1;0;1;5;5;0
"51";"Bane";"bad";88;53;23;56;51;95;366;366;0
"52";"Banshee";"good";50;10;58;42;60;70;290;290;0
"53";"Bantam";"good";25;53;23;54;21;56;232;232;0
"54";"Batgirl I";"good";1;1;1;1;0;1;5;5;0
"55";"Batgirl II";"good";1;1;1;1;0;1;5;5;0
"56";"Batgirl III";"good";1;1;1;1;0;1;5;5;0
"57";"Batgirl IV";"good";69;12;27;56;42;100;306;306;0
"58";"Batgirl V";"good";1;1;1;1;0;1;5;5;0
"59";"Batgirl VI";"good";75;10;23;28;22;80;238;238;0
"60";"Batman";"good";100;18;27;42;37;100;324;324;0
"61";"Batman II";"good";88;11;33;28;36;100;296;296;0
"62";"Battlestar";"good";50;53;35;74;48;74;334;334;0
"63";"Beak";"good";1;1;1;1;0;1;5;5;0
"64";"Beast";"good";88;48;35;56;35;84;346;346;0
"65";"Beast Boy";"good";50;28;50;70;79;40;317;317;0
"66";"Beetle";"bad";1;1;1;1;0;1;5;5;0
"67";"Ben 10";"good";10;7;8;10;90;40;165;165;0
"68";"Beta Ray Bill";"good";63;80;35;95;100;84;457;457;0
"69";"Beyonder";"good";88;100;23;100;100;56;467;467;0
"70";"Big Barda";"good";63;90;23;85;42;72;375;375;0
"71";"Big Daddy";"good";38;10;12;32;22;64;178;178;0
"72";"Big Man";"bad";75;12;23;28;19;70;227;227;0
"73";"Bill Harken";"good";63;36;33;60;23;40;255;255;0
"74";"Billy Kincaid";"bad";1;1;1;1;0;1;5;5;0
"75";"Binary";"good";1;1;1;1;0;1;5;5;0
"76";"Bird-Brain";"good";25;10;35;28;21;42;161;161;0
"77";"Bird-Man";"bad";1;1;1;1;0;1;5;5;0
"78";"Bird-Man II";"bad";1;1;1;1;0;1;5;5;0
"79";"Birdman";"good";1;1;1;1;0;1;5;5;0
"80";"Bishop";"good";63;14;23;75;85;65;325;325;0
"81";"Bizarro";"neutral";75;95;100;100;95;85;550;550;0
"82";"Black Abbott";"bad";1;1;1;1;0;1;5;5;0
"83";"Black Adam";"bad";88;100;92;100;89;56;525;525;0
"84";"Black Bolt";"good";75;67;100;84;100;56;482;482;0
"85";"Black Canary I";"good";1;1;1;1;0;1;5;5;0
"86";"Black Canary II";"good";1;1;1;1;0;1;5;5;0
"87";"Black Cat";"good";75;16;33;10;23;70;227;227;0
"88";"Black Goliath";"good";1;1;1;1;0;1;5;5;0
"89";"Black Knight III";"good";63;10;8;70;43;70;264;264;0
"90";"Black Lightning";"good";50;11;53;28;70;75;287;287;0
"91";"Black Mamba";"bad";75;10;35;42;78;65;305;305;0
"92";"Black Panther";"good";88;16;30;60;41;100;335;335;0
"93";"Black Widow";"good";75;13;27;32;32;100;279;279;0
"94";"Black Widow II";"good";1;1;1;1;0;1;5;5;0
"95";"Blackout";"bad";63;32;45;80;38;65;323;323;0
"96";"Blackwing";"bad";38;10;35;32;20;56;191;191;0
"97";"Blade";"good";63;28;38;50;33;90;302;302;0
"98";"Blaquesmith";"good";1;1;1;1;0;1;5;5;0
"99";"Bling!";"good";69;14;12;90;52;28;265;265;0
"100";"Blink";"good";50;8;20;28;55;64;225;225;0
"101";"Blizzard";"bad";1;1;1;1;0;1;5;5;0
"102";"Blizzard I";"bad";1;1;1;1;0;1;5;5;0
"103";"Blizzard II";"bad";38;10;27;42;47;56;220;220;0
"104";"Blob";"bad";10;83;23;95;26;72;309;309;0
"105";"Bloodaxe";"bad";63;80;33;80;84;84;424;424;0
"106";"Bloodhawk";"good";50;10;50;80;66;64;320;320;0
"107";"Bloodwraith";"bad";1;1;1;1;0;1;5;5;0
"108";"Blue Beetle";"good";1;1;1;1;0;1;5;5;0
"109";"Blue Beetle I";"good";1;1;1;1;0;1;5;5;0
"110";"Blue Beetle II";"good";1;1;1;1;0;1;5;5;0
"111";"Blue Beetle III";"good";50;34;58;80;97;30;349;349;0
"112";"Bolt";"good";1;1;1;1;0;1;5;5;0
"113";"Bomb Queen";"bad";1;1;1;1;0;1;5;5;0
"114";"Boom Boom";"good";38;10;12;42;56;64;222;222;0
"115";"Boomer";"good";1;1;1;1;0;1;5;5;0
"116";"Booster Gold";"good";56;85;53;50;72;40;356;356;0
"117";"Box";"good";1;1;1;1;0;1;5;5;0
"118";"Box III";"good";1;1;1;1;0;1;5;5;0
"119";"Box IV";"good";50;75;23;28;11;56;243;243;0
"120";"Brainiac";"bad";100;28;63;90;60;75;416;416;0
"121";"Brainiac 5";"good";100;10;23;28;60;32;253;253;0
"122";"Brother Voodoo";"good";1;1;1;1;0;1;5;5;0
"123";"Bullseye";"bad";50;11;25;70;20;70;246;246;0
"124";"Bumblebee";"good";63;28;25;10;45;35;206;206;0
"125";"Bumbleboy";"good";1;1;1;1;0;1;5;5;0
"126";"Bushido";"good";38;10;8;10;19;70;155;155;0
"127";"Cable";"good";88;48;23;56;100;80;395;395;0
"128";"Callisto";"bad";63;53;23;42;45;85;311;311;0
"129";"Cameron Hicks";"good";50;10;23;28;51;70;232;232;0
"130";"Cannonball";"good";50;28;67;99;79;56;379;379;0
"131";"Captain America";"good";63;19;35;56;46;100;319;319;0
"132";"Captain Atom";"good";1;1;1;1;0;1;5;5;0
"133";"Captain Britain";"good";75;77;50;60;31;80;373;373;0
"134";"Captain Epic";"good";1;1;1;1;0;1;5;5;0
"135";"Captain Mar-vell";"good";1;1;1;1;0;1;5;5;0
"136";"Captain Marvel";"good";100;100;67;95;62;56;480;480;0
"137";"Captain Marvel II";"good";75;81;27;90;34;56;363;363;0
"138";"Captain Planet";"good";1;1;1;1;0;1;5;5;0
"139";"Captain Universe";"good";1;1;1;1;0;1;5;5;0
"140";"Carnage";"bad";63;63;70;84;81;90;451;451;0
"141";"Cat";"good";1;1;1;1;0;1;5;5;0
"142";"Cat II";"good";1;1;1;1;0;1;5;5;0
"143";"Catwoman";"good";63;13;33;28;24;85;246;246;0
"144";"Cecilia Reyes";"good";1;1;1;1;0;1;5;5;0
"145";"Century";"good";88;80;53;64;74;100;459;459;0
"146";"Cerebra";"good";1;1;1;1;0;1;5;5;0
"147";"Chamber";"good";50;10;20;80;57;64;281;281;0
"148";"Chameleon";"bad";88;10;12;28;28;28;194;194;0
"149";"Changeling";"bad";63;10;23;42;64;64;266;266;0
"150";"Cheetah I";"bad";1;1;1;1;0;1;5;5;0
"151";"Cheetah II";"bad";1;1;1;1;0;1;5;5;0
"152";"Cheetah III";"bad";1;1;1;1;0;1;5;5;0
"153";"Chromos";"bad";1;1;1;1;0;1;5;5;0
"154";"Chuck Norris";"good";50;80;47;56;42;99;374;374;0
"155";"Claire Bennet";"good";38;9;12;100;73;28;260;260;0
"156";"Clea";"good";1;1;1;1;0;1;5;5;0
"157";"Cloak";"good";63;10;47;64;74;56;314;314;0
"158";"Cogliostro";"bad";1;1;1;1;0;1;5;5;0
"159";"Colin Wagner";"good";1;1;1;1;0;1;5;5;0
"160";"Colossal Boy";"good";1;1;1;1;0;1;5;5;0
"161";"Colossus";"good";63;83;33;100;46;80;405;405;0
"162";"Corsair";"good";1;1;1;1;0;1;5;5;0
"163";"Crimson Crusader";"good";1;1;1;1;0;1;5;5;0
"164";"Crimson Dynamo I";"good";1;1;1;1;0;1;5;5;0
"165";"Crystal";"good";63;16;12;14;57;56;218;218;0
"166";"Curse";"bad";1;1;1;1;0;1;5;5;0
"167";"Cy-Gor";"bad";1;1;1;1;0;1;5;5;0
"168";"Cyborg";"good";75;53;42;85;72;64;391;391;0
"169";"Cyborg Superman";"bad";75;93;92;100;100;80;540;540;0
"170";"Cyclops";"good";75;10;23;42;76;80;306;306;0
"171";"Cypher";"good";1;1;1;1;0;1;5;5;0
"172";"Dagger";"good";63;10;35;42;52;70;272;272;0
"173";"Danny Cooper";"good";1;1;1;1;0;1;5;5;0
"174";"Daphne Powell";"good";38;10;8;10;56;10;132;132;0
"175";"Daredevil";"good";75;13;27;28;57;95;295;295;0
"176";"Darkhawk";"good";50;32;33;70;74;64;323;323;0
"177";"Darkman";"good";75;14;23;85;12;28;237;237;0
"178";"Darkseid";"bad";88;100;23;100;100;95;506;506;0
"179";"Darkside";"bad";1;1;1;1;0;1;5;5;0
"180";"Darkstar";"good";38;8;35;42;52;64;239;239;0
"181";"Dash";"good";9;4;83;42;12;28;178;178;0
"182";"Dazzler";"good";63;10;35;42;64;56;270;270;0
"183";"Deadman";"good";50;10;33;100;100;42;335;335;0
"184";"Deadpool";"neutral";50;15;30;100;100;100;395;395;0
"185";"Deadshot";"bad";50;10;23;28;47;80;238;238;0
"186";"Deathlok";"good";69;32;30;70;40;60;301;301;0
"187";"Deathstroke";"neutral";75;30;35;100;36;90;366;366;0
"188";"Demogoblin";"bad";50;48;42;35;54;60;289;289;0
"189";"Destroyer";"bad";50;95;58;98;90;70;461;461;0
"190";"DL Hawkins";"good";50;12;12;56;48;56;234;234;0
"191";"Doc Samson";"good";75;80;33;80;36;70;374;374;0
"192";"Doctor Doom";"bad";100;32;20;100;93;84;429;429;0
"193";"Doctor Doom II";"bad";1;32;1;1;0;1;36;36;0
"194";"Doctor Fate";"good";81;16;25;80;100;50;352;352;0
"195";"Doctor Octopus";"bad";1;1;1;1;0;1;5;5;0
"196";"Doctor Strange";"good";100;10;12;84;100;60;366;366;0
"197";"Domino";"good";63;10;27;28;49;74;251;251;0
"198";"Donna Troy";"good";1;1;1;1;0;1;5;5;0
"199";"Doppelganger";"bad";8;63;60;95;62;84;372;372;0
"200";"Dormammu";"bad";88;95;83;100;100;80;546;546;0
"201";"Dr Manhattan";"good";88;32;42;95;100;42;399;399;0
"202";"Ego";"bad";88;80;83;99;71;28;449;449;0
"203";"Elastigirl";"good";38;32;12;90;20;14;206;206;0
"204";"Electro";"bad";69;10;50;56;67;64;316;316;0
"205";"Elektra";"good";63;11;30;28;59;100;291;291;0
"206";"Elle Bishop";"bad";50;8;12;42;63;42;217;217;0
"207";"Elongated Man";"good";38;10;27;90;41;42;248;248;0
"208";"Emma Frost";"good";75;63;35;90;82;42;387;387;0
"209";"Energy";"good";1;1;1;1;0;1;5;5;0
"210";"ERG-1";"good";1;1;1;1;0;1;5;5;0
"211";"Evilhawk";"bad";50;32;33;70;78;64;327;327;0
"212";"Exodus";"bad";63;81;28;28;100;70;370;370;0
"213";"Fabian Cortez";"bad";1;1;1;1;0;1;5;5;0
"214";"Falcon";"good";38;13;50;28;22;64;215;215;0
"215";"Fallen One II";"bad";88;85;83;100;100;56;512;512;0
"216";"Faora";"bad";88;95;75;100;87;90;535;535;0
"217";"Feral";"good";38;28;45;28;20;70;229;229;0
"218";"Fighting Spirit";"good";1;1;1;1;0;1;5;5;0
"219";"Fin Fang Foom";"good";50;81;23;100;68;70;392;392;0
"220";"Firebird";"good";38;8;40;14;90;42;232;232;0
"221";"Firelord";"good";38;63;75;90;48;28;342;342;0
"222";"Firestar";"good";50;8;54;55;71;32;270;270;0
"223";"Firestorm";"good";50;53;58;56;100;42;359;359;0
"224";"Fixer";"bad";1;1;1;1;0;1;5;5;0
"225";"Flash Gordon";"good";1;1;1;1;0;1;5;5;0
"226";"Flash I";"good";63;10;100;50;57;32;312;312;0
"227";"Flash II";"good";63;10;100;60;66;32;331;331;0
"228";"Flash III";"good";63;10;100;60;83;32;348;348;0
"229";"Flash IV";"good";63;10;100;32;59;48;312;312;0
"230";"Forge";"good";63;10;12;28;12;48;173;173;0
"231";"Franklin Richards";"good";1;1;1;1;0;1;5;5;0
"232";"Franklin Storm";"good";38;10;1;1;0;10;60;60;0
"233";"Frenzy";"bad";63;53;35;100;38;52;341;341;0
"234";"Frigga";"good";1;1;1;1;0;1;5;5;0
"235";"Galactus";"neutral";100;100;83;100;100;70;553;553;0
"236";"Gambit";"good";63;10;23;28;55;84;263;263;0
"237";"Garbage Man";"good";1;1;1;1;0;1;5;5;0
"238";"Gary Bell";"good";63;5;8;10;54;10;150;150;0
"239";"General Zod";"bad";94;100;96;100;94;95;579;579;0
"240";"Genesis";"good";1;1;1;1;0;1;5;5;0
"241";"Ghost Rider";"good";50;55;25;100;70;60;360;360;0
"242";"Ghost Rider II";"good";1;1;1;1;0;1;5;5;0
"243";"Giant-Man";"good";1;1;1;1;0;1;5;5;0
"244";"Giant-Man II";"good";1;1;1;1;0;1;5;5;0
"245";"Giganta";"bad";81;89;23;85;32;42;352;352;0
"246";"Goblin Queen";"bad";75;10;23;28;65;56;257;257;0
"247";"Gog";"bad";50;34;47;72;39;56;298;298;0
"248";"Goku";"good";56;100;75;90;100;100;521;521;0
"249";"Goliath";"good";1;1;1;1;0;1;5;5;0
"250";"Goliath II";"good";1;1;1;1;0;1;5;5;0
"251";"Goliath III";"bad";1;1;1;1;0;1;5;5;0
"252";"Goliath IV";"good";1;1;1;1;0;1;5;5;0
"253";"Granny Goodness";"bad";1;1;1;1;0;1;5;5;0
"254";"Gravity";"good";50;32;33;40;72;30;257;257;0
"255";"Green Arrow";"good";75;12;35;28;26;90;266;266;0
"256";"Green Goblin";"bad";75;48;35;48;38;28;272;272;0
"257";"Green Goblin II";"bad";75;55;37;50;38;26;281;281;0
"258";"Green Goblin III";"good";1;1;1;1;0;1;5;5;0
"259";"Green Goblin IV";"good";1;1;1;1;0;1;5;5;0
"260";"Groot";"good";75;85;33;70;92;64;419;419;0
"261";"Guardian";"good";1;1;1;1;0;1;5;5;0
"262";"Guy Gardner";"good";38;80;27;64;97;64;370;370;0
"263";"Hal Jordan";"good";63;90;53;64;100;56;426;426;0
"264";"Hancock";"good";50;85;65;100;70;28;398;398;0
"265";"Harley Quinn";"bad";81;12;23;42;30;80;268;268;0
"266";"Havok";"good";63;10;25;60;71;45;274;274;0
"267";"Hawk";"good";38;38;35;95;36;42;284;284;0
"268";"Hawkeye";"good";50;12;23;14;26;80;205;205;0
"269";"Hawkeye II";"good";50;6;8;10;24;50;148;148;0
"270";"Hawkgirl";"good";50;28;53;99;74;72;376;376;0
"271";"Hawkman";"good";1;1;1;1;0;1;5;5;0
"272";"Hawkwoman I";"good";1;1;1;1;0;1;5;5;0
"273";"Hawkwoman II";"good";1;1;1;1;0;1;5;5;0
"274";"Hawkwoman III";"good";1;1;1;1;0;1;5;5;0
"275";"Hellboy";"good";63;53;23;85;30;75;329;329;0
"276";"Hellcat";"good";50;10;23;42;18;70;213;213;0
"277";"Hellstorm";"good";1;1;1;1;0;1;5;5;0
"278";"Hercules";"good";63;100;46;85;67;100;461;461;0
"279";"Hiro Nakamura";"good";1;1;1;1;0;1;5;5;0
"280";"Hit-Girl";"good";10;8;23;14;21;56;132;132;0
"281";"Hobgoblin";"bad";1;1;1;1;0;1;5;5;0
"282";"Hollow";"good";1;1;1;1;0;1;5;5;0
"283";"Hope Summers";"good";63;10;12;32;89;75;281;281;0
"284";"Howard the Duck";"good";1;1;1;1;0;1;5;5;0
"285";"Hulk";"good";88;100;47;100;41;85;461;461;0
"286";"Human Torch";"good";56;10;63;70;74;42;315;315;0
"287";"Huntress";"good";69;10;23;28;34;95;259;259;0
"288";"Husk";"good";63;63;35;78;53;64;356;356;0
"289";"Hydro-Man";"bad";38;13;25;80;66;50;272;272;0
"290";"Hyperion";"good";63;95;75;95;58;72;458;458;0
"291";"Iceman";"good";63;32;53;100;100;64;412;412;0
"292";"Impulse";"good";50;10;100;60;63;60;343;343;0
"293";"Ink";"good";38;28;17;40;66;50;239;239;0
"294";"Invisible Woman";"good";69;10;27;70;74;56;306;306;0
"295";"Iron Fist";"good";75;23;35;42;43;100;318;318;0
"296";"Iron Man";"good";100;85;58;85;100;64;492;492;0
"297";"Iron Monger";"bad";88;63;25;90;57;56;379;379;0
"298";"Ironman";"good";1;1;1;1;0;1;5;5;0
"299";"Isis";"good";75;48;75;46;43;56;343;343;0
"300";"Jack Bauer";"good";1;1;1;1;0;1;5;5;0
"301";"Jack of Hearts";"good";63;55;100;30;70;30;348;348;0
"302";"Jack-jack";"good";6;34;67;80;69;6;262;262;0
"303";"Jean Grey";"good";100;80;67;100;100;70;517;517;0
"304";"Jennifer Kale";"good";75;10;35;42;61;72;295;295;0
"305";"Jessica Sanders";"good";1;1;1;1;0;1;5;5;0
"306";"Jigsaw";"bad";1;1;1;1;0;1;5;5;0
"307";"Jim Powell";"good";38;38;23;80;23;20;222;222;0
"308";"JJ Powell";"good";88;10;8;10;14;10;140;140;0
"309";"Johann Krauss";"good";1;1;1;1;0;1;5;5;0
"310";"John Stewart";"good";50;80;27;64;94;54;369;369;0
"311";"John Wraith";"good";75;12;35;28;65;80;295;295;0
"312";"Joker";"bad";100;10;12;56;22;90;290;290;0
"313";"Jolt";"good";63;12;27;32;31;42;207;207;0
"314";"Jubilee";"good";56;8;22;20;66;90;262;262;0
"315";"Juggernaut";"neutral";44;100;42;100;74;70;430;430;0
"316";"Junkpile";"bad";50;38;17;90;71;30;296;296;0
"317";"Justice";"good";50;10;33;70;55;30;248;248;0
"318";"Kang";"bad";100;48;58;70;71;70;417;417;0
"319";"Kevin 11";"bad";25;7;12;14;100;40;198;198;0
"320";"Kick-Ass";"good";10;10;23;14;21;56;134;134;0
"321";"Kid Flash";"good";25;4;92;42;13;30;206;206;0
"322";"Kid Flash II";"good";1;1;1;1;0;1;5;5;0
"323";"Killer Croc";"bad";25;48;33;85;36;60;287;287;0
"324";"Kilowog";"good";81;90;53;42;100;80;446;446;0
"325";"Kingpin";"bad";75;18;25;40;13;70;241;241;0
"326";"Klaw";"bad";63;38;33;100;62;60;356;356;0
"327";"Kool-Aid Man";"good";25;10;12;14;10;14;85;85;0
"328";"Kraven II";"bad";50;34;23;28;36;85;256;256;0
"329";"Kraven the Hunter";"bad";63;32;35;42;26;85;283;283;0
"330";"Krypto";"good";9;80;100;90;72;40;391;391;0
"331";"Lady Bullseye";"bad";1;1;1;1;0;1;5;5;0
"332";"Lady Deathstrike";"bad";1;1;1;1;0;1;5;5;0
"333";"Leader";"bad";100;10;12;14;58;42;236;236;0
"334";"Leech";"good";25;5;12;14;62;14;132;132;0
"335";"Lex Luthor";"bad";100;10;12;14;10;28;174;174;0
"336";"Light Lass";"good";38;10;35;28;65;42;218;218;0
"337";"Lightning Lad";"good";38;10;23;28;60;42;201;201;0
"338";"Lightning Lord";"bad";44;10;23;42;66;42;227;227;0
"339";"Living Brain";"bad";75;53;35;56;31;28;278;278;0
"340";"Liz Sherman";"good";1;1;1;1;0;1;5;5;0
"341";"Lizard";"bad";38;51;27;70;40;56;282;282;0
"342";"Lobo";"bad";88;83;35;100;95;85;486;486;0
"343";"Loki";"bad";88;57;47;85;85;56;418;418;0
"344";"Longshot";"good";50;10;27;10;71;70;238;238;0
"345";"Luke Cage";"good";44;55;23;95;35;64;316;316;0
"346";"Luke Campbell";"bad";1;1;1;1;0;1;5;5;0
"347";"Luna";"good";38;6;83;14;53;14;208;208;0
"348";"Lyja";"good";1;1;1;1;0;1;5;5;0
"349";"Mach-IV";"bad";75;36;60;84;60;56;371;371;0
"350";"Machine Man";"good";63;32;35;84;51;64;329;329;0
"351";"Magneto";"bad";88;80;27;84;91;80;450;450;0
"352";"Magog";"good";50;48;23;64;66;72;323;323;0
"353";"Magus";"bad";88;100;70;99;100;74;531;531;0
"354";"Man-Bat";"neutral";38;18;50;70;33;30;239;239;0
"355";"Man-Thing";"good";50;32;8;100;98;40;328;328;0
"356";"Man-Wolf";"good";63;44;35;42;38;70;292;292;0
"357";"Mandarin";"bad";100;28;23;28;99;95;373;373;0
"358";"Martian Manhunter";"good";100;100;96;100;100;85;581;581;0
"359";"Marvel Girl";"good";63;85;47;42;100;80;417;417;0
"360";"Master Brood";"good";1;1;1;1;0;1;5;5;0
"361";"Master Chief";"good";75;73;35;80;62;100;425;425;0
"362";"Match";"bad";75;95;83;85;90;70;498;498;0
"363";"Matt Parkman";"good";63;10;12;14;59;56;214;214;0
"364";"Maverick";"good";63;10;12;42;60;85;272;272;0
"365";"Maxima";"bad";75;90;35;56;67;75;398;398;0
"366";"Maya Herrera";"good";50;10;12;14;60;14;160;160;0
"367";"Medusa";"good";75;34;35;70;35;56;305;305;0
"368";"Meltdown";"good";38;10;12;42;58;64;224;224;0
"369";"Mephisto";"bad";88;85;35;95;100;42;445;445;0
"370";"Mera";"good";56;62;54;70;55;70;367;367;0
"371";"Metallo";"bad";75;53;23;95;74;64;384;384;0
"372";"Metamorpho";"good";1;1;1;1;0;1;5;5;0
"373";"Meteorite";"good";1;1;1;1;0;1;5;5;0
"374";"Metron";"good";88;10;47;56;69;28;298;298;0
"375";"Micah Sanders";"good";63;8;12;14;57;14;168;168;0
"376";"Micro Lad";"good";38;28;27;28;44;32;197;197;0
"377";"Mimic";"good";63;67;47;56;79;42;354;354;0
"378";"Minna Murray";"good";1;1;1;1;0;1;5;5;0
"379";"Misfit";"good";63;32;23;80;62;42;302;302;0
"380";"Miss Martian";"good";63;85;58;100;100;45;451;451;0
"381";"Mister Fantastic";"good";100;10;18;70;32;64;294;294;0
"382";"Mister Freeze";"bad";75;32;12;70;37;28;254;254;0
"383";"Mister Sinister";"bad";1;1;1;1;0;1;5;5;0
"384";"Mogo";"good";1;1;1;1;0;1;5;5;0
"385";"Mohinder Suresh";"good";1;1;1;1;0;1;5;5;0
"386";"Moloch";"bad";1;1;1;1;0;1;5;5;0
"387";"Molten Man";"bad";50;73;23;84;53;56;339;339;0
"388";"Monarch";"good";1;1;1;1;0;1;5;5;0
"389";"Monica Dawson";"good";50;10;35;14;48;90;247;247;0
"390";"Moon Knight";"good";50;36;23;42;28;75;254;254;0
"391";"Moonstone";"good";56;67;47;52;79;80;381;381;0
"392";"Morlun";"bad";63;60;35;42;59;56;315;315;0
"393";"Morph";"good";1;1;1;1;0;1;5;5;0
"394";"Moses Magnum";"bad";75;28;12;42;55;56;268;268;0
"395";"Mr Incredible";"good";38;73;35;95;25;42;308;308;0
"396";"Ms Marvel";"good";63;80;47;52;70;80;392;392;0
"397";"Ms Marvel II";"good";38;63;23;84;11;56;275;275;0
"398";"Multiple Man";"good";63;11;23;70;28;62;257;257;0
"399";"Mysterio I";"bad";75;10;23;42;50;56;256;256;0
"400";"Mystique";"bad";75;12;23;64;58;74;306;306;0
"401";"Namor";"good";1;1;1;1;0;1;5;5;0
"402";"Namora";"good";50;85;42;42;41;64;324;324;0
"403";"Namorita";"good";50;72;47;70;30;70;339;339;0
"404";"Naruto Uzumaki";"good";50;80;32;80;100;100;442;442;0
"405";"Nathan Petrelli";"good";1;1;1;1;0;1;5;5;0
"406";"Nick Fury";"good";75;11;23;42;25;100;276;276;0
"407";"Nightcrawler";"good";50;10;47;14;52;80;253;253;0
"408";"Nightwing";"good";88;11;33;28;36;100;296;296;0
"409";"Niki Sanders";"good";63;52;35;28;37;56;271;271;0
"410";"Nina Theroux";"good";63;5;8;10;54;20;160;160;0
"411";"Nite Owl II";"good";1;1;1;1;0;1;5;5;0
"412";"Northstar";"good";50;18;83;56;70;70;347;347;0
"413";"Nova";"good";38;60;100;100;100;25;423;423;0
"414";"Offspring";"good";50;10;35;99;100;56;350;350;0
"415";"Omega Red";"bad";1;1;1;1;0;1;5;5;0
"416";"Omniscient";"good";1;1;1;1;0;1;5;5;0
"417";"Onslaught";"bad";88;85;47;100;100;85;505;505;0
"418";"Oracle (DC)";"good";75;11;23;28;19;76;232;232;0
"419";"Osiris";"good";75;85;60;95;65;42;422;422;0
"420";"Overtkill";"bad";1;1;1;1;0;1;5;5;0
"421";"Penance";"good";1;1;1;1;0;1;5;5;0
"422";"Penance I";"good";1;1;1;1;0;1;5;5;0
"423";"Penance II";"good";1;1;1;1;0;1;5;5;0
"424";"Penguin";"bad";75;10;12;28;30;45;200;200;0
"425";"Peter Petrelli";"good";63;28;23;28;69;56;267;267;0
"426";"Phantom";"good";1;1;1;1;0;1;5;5;0
"427";"Phantom Girl";"good";38;10;23;28;53;42;194;194;0
"428";"Phoenix";"good";100;80;67;100;100;70;517;517;0
"429";"Plastic Lad";"good";1;1;1;1;0;1;5;5;0
"430";"Plastic Man";"good";50;63;23;100;100;56;392;392;0
"431";"Plastique";"bad";50;10;23;28;60;42;213;213;0
"432";"Poison Ivy";"bad";69;14;23;14;71;36;227;227;0
"433";"Power Girl";"good";88;98;67;95;67;75;490;490;0
"434";"Power Man";"good";1;1;1;1;0;1;5;5;0
"435";"Professor X";"good";100;8;12;14;90;32;256;256;0
"436";"Proto-Goblin";"bad";63;38;23;48;22;28;222;222;0
"437";"Psylocke";"good";1;1;1;1;0;1;5;5;0
"438";"Punisher";"good";50;16;23;28;22;100;239;239;0
"439";"Pyro";"bad";38;10;12;14;50;28;152;152;0
"440";"Quantum";"good";1;1;1;1;0;1;5;5;0
"441";"Question";"good";81;14;27;35;20;80;257;257;0
"442";"Quicksilver";"good";63;28;100;60;57;56;364;364;0
"443";"Quill";"good";38;10;12;14;23;14;111;111;0
"444";"Ra's Al Ghul";"bad";100;28;32;42;27;100;329;329;0
"445";"Rachel Pirzad";"good";63;4;8;10;52;10;147;147;0
"446";"Raven";"neutral";50;10;29;70;62;40;261;261;0
"447";"Razor-Fist II";"bad";1;1;1;1;0;1;5;5;0
"448";"Red Arrow";"good";63;16;25;20;24;80;228;228;0
"449";"Red Hood";"neutral";75;12;23;28;24;95;257;257;0
"450";"Red Hulk";"good";50;88;47;95;59;75;414;414;0
"451";"Red Mist";"bad";25;10;23;14;20;56;148;148;0
"452";"Red Robin";"good";81;11;27;32;29;80;260;260;0
"453";"Red Skull";"bad";75;10;12;14;19;80;210;210;0
"454";"Red Tornado";"good";75;38;67;60;92;40;372;372;0
"455";"Redeemer II";"bad";1;1;1;1;0;1;5;5;0
"456";"Redeemer III";"bad";1;1;1;1;0;1;5;5;0
"457";"Renata Soliz";"good";1;1;1;1;0;1;5;5;0
"458";"Rhino";"bad";25;80;43;90;37;85;360;360;0
"459";"Rick Flag";"bad";88;11;23;28;19;95;264;264;0
"460";"Riddler";"bad";100;10;12;14;10;14;160;160;0
"461";"Ripcord";"good";1;1;1;1;0;1;5;5;0
"462";"Robin I";"good";88;11;27;28;32;85;271;271;0
"463";"Robin II";"good";1;1;1;1;0;1;5;5;0
"464";"Robin III";"good";81;11;27;28;30;85;262;262;0
"465";"Robin V";"good";69;8;33;16;29;65;220;220;0
"466";"Rocket Raccoon";"good";50;5;23;28;28;64;198;198;0
"467";"Rogue";"good";75;10;12;28;80;80;285;285;0
"468";"Ronin";"good";38;10;27;32;21;90;218;218;0
"469";"Rorschach";"good";75;10;29;20;23;80;237;237;0
"470";"Sabretooth";"bad";55;53;25;90;28;100;351;351;0
"471";"Sage";"good";75;10;12;14;28;56;195;195;0
"472";"Sandman";"neutral";50;75;47;97;62;56;387;387;0
"473";"Sasquatch";"good";75;80;23;56;15;42;291;291;0
"474";"Savage Dragon";"good";63;70;54;85;49;72;393;393;0
"475";"Scarecrow";"bad";81;10;12;14;48;50;215;215;0
"476";"Scarlet Spider";"good";75;53;60;74;39;56;357;357;0
"477";"Scarlet Spider II";"good";88;55;60;40;30;56;329;329;0
"478";"Scarlet Witch";"bad";88;10;23;42;67;28;258;258;0
"479";"Scorpia";"bad";38;28;42;28;34;28;198;198;0
"480";"Scorpion";"bad";50;52;60;85;49;80;376;376;0
"481";"Sentry";"good";75;80;58;84;97;54;448;448;0
"482";"Shadow King";"good";75;12;27;100;100;75;389;389;0
"483";"Shadowcat";"good";88;8;21;25;69;70;281;281;0
"484";"Shang-Chi";"good";63;12;30;50;25;100;280;280;0
"485";"Shatterstar";"good";63;48;45;64;42;84;346;346;0
"486";"She-Hulk";"good";69;100;42;100;33;70;414;414;0
"487";"She-Thing";"good";1;1;1;1;0;1;5;5;0
"488";"Shocker";"bad";63;10;23;70;63;56;285;285;0
"489";"Shriek";"good";50;10;23;28;45;42;198;198;0
"490";"Shrinking Violet";"good";1;1;1;1;0;1;5;5;0
"491";"Sif";"good";50;57;25;52;19;70;273;273;0
"492";"Silk Spectre I";"good";1;1;1;1;0;1;5;5;0
"493";"Silk Spectre II";"good";1;1;1;1;0;1;5;5;0
"494";"Silverclaw";"good";50;28;35;42;34;42;231;231;0
"495";"Sinestro";"bad";75;80;53;64;100;56;428;428;0
"496";"Siren";"bad";38;10;12;14;55;28;157;157;0
"497";"Siren II";"bad";1;1;1;1;0;1;5;5;0
"498";"Siryn";"bad";38;8;47;28;50;42;213;213;0
"499";"Skaar";"good";50;85;27;90;62;85;399;399;0
"500";"Snowbird";"good";50;32;27;42;63;52;266;266;0
"501";"Sobek";"good";50;34;23;46;20;56;229;229;0
"502";"Solomon Grundy";"bad";9;93;13;100;78;30;323;323;0
"503";"Songbird";"good";75;36;27;42;55;56;291;291;0
"504";"Space Ghost";"good";38;18;33;40;90;80;299;299;0
"505";"Spawn";"good";75;60;50;90;100;95;470;470;0
"506";"Spectre";"good";1;1;1;1;0;1;5;5;0
"507";"Speedball";"good";1;1;1;1;0;1;5;5;0
"508";"Speedy";"good";1;1;1;1;0;1;5;5;0
"509";"Spider-Carnage";"bad";1;1;1;1;0;1;5;5;0
"510";"Spider-Girl";"good";63;38;60;65;46;75;347;347;0
"511";"Spider-Man";"good";88;55;60;74;58;85;420;420;0
"512";"Spider-Woman";"good";50;42;42;32;62;52;280;280;0
"513";"Spider-Woman II";"good";1;1;1;1;0;1;5;5;0
"514";"Spider-Woman III";"good";50;48;27;42;60;28;255;255;0
"515";"Spider-Woman IV";"bad";1;1;1;1;0;1;5;5;0
"516";"Spiderman";"good";1;1;1;1;0;1;5;5;0
"517";"Spyke";"good";50;12;17;60;41;30;210;210;0
"518";"Stacy X";"good";1;1;1;1;0;1;5;5;0
"519";"Starfire";"good";50;80;33;85;59;70;377;377;0
"520";"Stargirl";"good";50;40;27;90;71;56;334;334;0
"521";"Steel";"good";81;82;53;90;64;64;434;434;0
"522";"Stephanie Powell";"good";69;10;54;10;17;10;170;170;0
"523";"Storm";"good";75;10;47;30;88;75;325;325;0
"524";"Sub-Mariner";"good";63;80;47;56;37;84;367;367;0
"525";"Sunspot";"good";63;63;35;25;79;70;335;335;0
"526";"Super Moos";"good";8;1;1;10;65;40;125;125;0
"527";"Superboy";"good";75;95;83;90;84;60;487;487;0
"528";"Superboy-Prime";"bad";94;100;100;100;100;85;579;579;0
"529";"Supergirl";"good";94;98;92;100;85;75;544;544;0
"530";"Superman";"good";100;100;100;100;94;85;579;579;0
"531";"Swamp Thing";"bad";88;80;23;100;66;56;413;413;0
"532";"Sylar";"bad";75;10;12;28;91;56;272;272;0
"533";"Synch";"good";75;67;23;28;74;56;323;323;0
"534";"Tempest";"good";38;10;45;28;62;60;243;243;0
"535";"Thanos";"bad";88;100;17;100;100;80;485;485;0
"536";"The Cape";"good";38;10;23;32;22;64;189;189;0
"537";"The Comedian";"neutral";63;14;17;10;12;80;196;196;0
"538";"Thing";"good";75;84;21;90;26;80;376;376;0
"539";"Thor";"good";69;100;92;100;100;85;546;546;0
"540";"Thor Girl";"good";75;83;70;84;100;70;482;482;0
"541";"Thunderbird";"good";50;32;27;32;14;70;225;225;0
"542";"Thunderbird II";"good";1;1;1;1;0;1;5;5;0
"543";"Thunderbird III";"good";1;1;1;1;0;1;5;5;0
"544";"Thunderstrike";"good";63;80;70;84;31;72;400;400;0
"545";"Thundra";"good";38;81;32;64;26;54;295;295;0
"546";"Tiger Shark";"bad";38;72;42;70;21;28;271;271;0
"547";"Tigra";"good";63;32;53;38;33;90;309;309;0
"548";"Tinkerer";"bad";100;10;23;14;10;14;171;171;0
"549";"Titan";"good";1;1;1;1;0;1;5;5;0
"550";"Toad";"neutral";50;34;58;56;49;28;275;275;0
"551";"Toxin";"good";56;73;70;84;75;70;428;428;0
"552";"Tracy Strauss";"good";1;1;1;1;0;1;5;5;0
"553";"Triplicate Girl";"good";63;10;23;42;44;42;224;224;0
"554";"Two-Face";"bad";88;10;12;14;9;28;161;161;0
"555";"Ultragirl";"good";50;80;35;70;35;80;350;350;0
"556";"Ultron";"bad";88;83;42;100;100;64;477;477;0
"557";"Utgard-Loki";"bad";50;80;23;84;72;64;373;373;0
"558";"Vagabond";"good";1;1;1;1;0;1;5;5;0
"559";"Valerie Hart";"good";1;1;1;1;0;1;5;5;0
"560";"Valkyrie";"good";1;1;1;1;0;1;5;5;0
"561";"Vanisher";"bad";63;10;75;56;39;42;285;285;0
"562";"Venom";"bad";75;57;65;84;79;84;444;444;0
"563";"Venom II";"bad";50;57;47;70;54;56;334;334;0
"564";"Venom III";"bad";63;73;35;90;66;56;383;383;0
"565";"Vertigo II";"good";1;1;1;1;0;1;5;5;0
"566";"Vindicator";"good";1;1;1;1;0;1;5;5;0
"567";"Vindicator II";"good";63;63;53;64;56;70;369;369;0
"568";"Violator";"bad";1;1;1;1;0;1;5;5;0
"569";"Violet";"good";10;4;12;28;65;14;133;133;0
"570";"Vision";"good";100;72;54;95;76;70;467;467;0
"571";"Vision II";"good";1;1;1;1;0;1;5;5;0
"572";"Vulcan";"good";1;1;1;1;0;1;5;5;0
"573";"Vulture";"bad";63;22;47;56;40;56;284;284;0
"574";"Walrus";"bad";50;28;8;50;11;20;167;167;0
"575";"War Machine";"good";63;80;63;100;100;85;491;491;0
"576";"Warbird";"good";1;1;1;1;0;1;5;5;0
"577";"Warlock";"good";88;36;79;95;71;95;464;464;0
"578";"Warp";"bad";38;10;23;28;63;50;212;212;0
"579";"Warpath";"good";38;72;47;70;26;84;337;337;0
"580";"Wasp";"good";63;8;58;52;23;42;246;246;0
"581";"Watcher";"good";100;80;67;89;100;56;492;492;0
"582";"Weapon XI";"bad";1;1;1;1;0;1;5;5;0
"583";"White Queen";"good";1;1;1;1;0;1;5;5;0
"584";"Wildfire";"good";50;32;23;100;77;42;324;324;0
"585";"Willis Stryker";"bad";38;16;23;28;41;60;206;206;0
"586";"Winter Soldier";"good";56;32;35;65;60;84;332;332;0
"587";"Wiz Kid";"good";1;1;1;1;0;1;5;5;0
"588";"Wolfsbane";"good";38;16;35;42;26;42;199;199;0
"589";"Wolverine";"good";55;32;38;100;44;100;369;369;0
"590";"Wonder Girl";"good";75;90;25;80;39;60;369;369;0
"591";"Wonder Man";"good";75;100;53;90;64;64;446;446;0
"592";"Wonder Woman";"good";88;100;50;100;42;100;480;480;0
"593";"Wondra";"good";1;1;1;1;0;1;5;5;0
"594";"Wyatt Wingfoot";"good";10;10;12;1;1;56;90;90;0
"595";"X-23";"good";75;24;35;90;27;85;336;336;0
"596";"X-Man";"good";88;53;53;95;92;84;465;465;0
"597";"Yellow Claw";"bad";1;1;1;1;0;1;5;5;0
"598";"Yellowjacket";"good";88;10;12;28;12;14;164;164;0
"599";"Yellowjacket II";"good";50;10;35;28;31;28;182;182;0
"600";"Ymir";"good";50;100;27;100;83;28;388;388;0
"601";"Zatanna";"good";75;10;23;28;100;56;292;292;0
"602";"Zoom";"bad";50;10;100;28;72;28;288;288;0
